{"count":1,"self":931.49091839999994,"total":1432.2836330999999,"children":{"InitializeActuators":{"count":32,"self":0.0021828999999999998,"total":0.0021828999999999998,"children":null},"InitializeSensors":{"count":32,"self":0.0022091999999999997,"total":0.0022091999999999997,"children":null},"AgentSendState":{"count":82967,"self":8.582544,"total":12.312861499999999,"children":{"CollectObservations":{"count":265504,"self":0.1040382,"total":0.1040382,"children":null},"WriteActionMask":{"count":265504,"self":0.1439376,"total":0.1439376,"children":null},"RequestDecision":{"count":265504,"self":0.5645739,"total":3.4823413999999997,"children":{"AgentInfo.ToProto":{"count":265504,"self":0.5427318,"total":2.9177675,"children":{"GenerateSensorData":{"count":265504,"self":1.8625256,"total":2.3750356999999997,"children":{"RayPerceptionSensor.Perceive":{"count":265504,"self":0.51251,"total":0.51251,"children":null}}}}}}}}},"DecideAction":{"count":82967,"self":481.9732992,"total":481.9733028,"children":null},"AgentAct":{"count":82967,"self":5.4704928,"total":5.4704929,"children":null},"AgentInfo.ToProto":{"count":24584,"self":0.3534024,"total":1.0297772,"children":{"GenerateSensorData":{"count":24584,"self":0.566506,"total":0.67637479999999994,"children":{"RayPerceptionSensor.Perceive":{"count":24584,"self":0.10986879999999999,"total":0.10986879999999999,"children":null}}}}}},"gauges":{"MummyRay.CumulativeReward":{"count":24584,"max":-0.144,"min":-26.8405,"runningAverage":-0.6937483,"value":-0.463000149,"weightedAverage":-0.485083133}},"metadata":{"timer_format_version":"0.1.0","start_time_seconds":"1712039910","unity_version":"2022.3.20f1","command_line_arguments":"D:\\unity\\unityeditor\\2022.3.20f1\\Editor\\Unity.exe -projectpath D:\\unity\\MLAgent_Practice -useHub -hubIPC -cloudEnvironment production","communication_protocol_version":"1.5.0","com.unity.ml-agents_version":"2.3.0-exp.3","scene_name":"MummyRay","end_time_seconds":"1712041342"}}