{"count":1,"self":47.296236799999996,"total":421.86627339999995,"children":{"InitializeActuators":{"count":12,"self":0.002544,"total":0.002544,"children":null},"InitializeSensors":{"count":12,"self":0.0020074,"total":0.0020074,"children":null},"AgentSendState":{"count":50567,"self":3.5362708,"total":4.9151639,"children":{"CollectObservations":{"count":121368,"self":0.030223899999999998,"total":0.030223899999999998,"children":null},"WriteActionMask":{"count":121368,"self":0.0401616,"total":0.0401616,"children":null},"RequestDecision":{"count":121368,"self":0.1759642,"total":1.3085076,"children":{"AgentInfo.ToProto":{"count":121368,"self":0.1687516,"total":1.1325433999999999,"children":{"GenerateSensorData":{"count":121368,"self":0.65751779999999993,"total":0.9637918,"children":{"RayPerceptionSensor.Perceive":{"count":121368,"self":0.306274,"total":0.306274,"children":null}}}}}}}}},"DecideAction":{"count":50567,"self":367.1954432,"total":367.1954517,"children":null},"AgentAct":{"count":50567,"self":1.8220147999999998,"total":1.8220148999999999,"children":null},"AgentInfo.ToProto":{"count":60582,"self":0.0880181,"total":0.6318579,"children":{"GenerateSensorData":{"count":60582,"self":0.38024399999999997,"total":0.5438398,"children":{"RayPerceptionSensor.Perceive":{"count":60582,"self":0.16359579999999999,"total":0.16359579999999999,"children":null}}}}}},"gauges":{"MummyIL.CumulativeReward":{"count":60582,"max":-0.7099987,"min":-1.49999976,"runningAverage":-1.1005882,"value":-1.1,"weightedAverage":-1.10000014}},"metadata":{"timer_format_version":"0.1.0","start_time_seconds":"1713857352","unity_version":"2022.3.20f1","command_line_arguments":"D:\\unity\\unityeditor\\2022.3.20f1\\Editor\\Unity.exe -projectpath D:\\unity\\MLAgent_Practice -useHub -hubIPC -cloudEnvironment production","communication_protocol_version":"1.5.0","com.unity.ml-agents_version":"2.3.0-exp.3","scene_name":"MummyIL","end_time_seconds":"1713857774"}}