{"count":1,"self":158.10268159999998,"total":673.5687796,"children":{"InitializeActuators":{"count":32,"self":0.0034622,"total":0.0034622,"children":null},"InitializeSensors":{"count":32,"self":0.0025188999999999997,"total":0.0025188999999999997,"children":null},"AgentSendState":{"count":87251,"self":16.945424,"total":23.515557599999998,"children":{"CollectObservations":{"count":558432,"self":1.2672443,"total":1.2672443,"children":null},"WriteActionMask":{"count":558432,"self":0.1696025,"total":0.1696025,"children":null},"RequestDecision":{"count":558432,"self":0.8733386,"total":5.1332862,"children":{"AgentInfo.ToProto":{"count":558432,"self":0.7228117,"total":4.2599475999999994,"children":{"GenerateSensorData":{"count":558432,"self":3.0592894,"total":3.5371359,"children":{"RayPerceptionSensor.Perceive":{"count":558432,"self":0.47784649999999995,"total":0.47784649999999995,"children":null}}}}}}}}},"DecideAction":{"count":87251,"self":484.45342719999996,"total":484.4534245,"children":null},"AgentAct":{"count":87251,"self":7.461472,"total":7.4649795999999995,"children":{"AgentInfo.ToProto":{"count":197,"self":0.0009998,"total":0.0035076,"children":{"GenerateSensorData":{"count":197,"self":0.0025077999999999997,"total":0.0025077999999999997,"children":{"RayPerceptionSensor.Perceive":{"count":197,"self":0,"total":0,"children":null}}}}}}},"AgentInfo.ToProto":{"count":683,"self":0.0080784999999999989,"total":0.0261537,"children":{"GenerateSensorData":{"count":683,"self":0.0160615,"total":0.0180752,"children":{"RayPerceptionSensor.Perceive":{"count":683,"self":0.0020136999999999998,"total":0.0020136999999999998,"children":null}}}}}},"gauges":{"Penguin.CumulativeReward":{"count":880,"max":4.73300838,"min":-0.99994123,"runningAverage":3.67566156,"value":4.66901827,"weightedAverage":4.586796}},"metadata":{"timer_format_version":"0.1.0","start_time_seconds":"1712646623","unity_version":"2022.3.20f1","command_line_arguments":"D:\\unity\\unityeditor\\2022.3.20f1\\Editor\\Unity.exe -projectpath D:\\unity\\MLAgent_Practice -useHub -hubIPC -cloudEnvironment production","communication_protocol_version":"1.5.0","com.unity.ml-agents_version":"2.3.0-exp.3","scene_name":"Penguin","end_time_seconds":"1712647296"}}